1,1.0,1
2,4.0,1
3,7.0,1
4,8.0,1
5,12.0,1
6,15.0,1
7,14.0,1
8,15.0,1
9,17.0,1
10,20.0,1
11,23.0,1
12,25.0,1
13,28.0,1
14,34.0,1
15,38.0,1
16,45.0,1
17,50.0,1
18,46.0,1
19,45.0,1
20,47.0,1
21,57.0,1
22,60.0,2
23,60.0,2
24,60.0,2
25,58.2,1
26,53.2,1
27,60.0,2
28,60.0,2
29,53.2,1
30,60.0,2
31,60.0,2
32,60.0,2
33,57.2,1
34,59.4,1
35,60.0,2
36,60.0,2
37,60.0,2
38,58.8,1
39,60.0,2
40,60.0,2
41,53.9,1
42,59.1,1
43,60.0,2
44,60.0,2
45,60.0,2
46,60.0,2
47,60.0,2
48,60.0,2
49,58.4,1
50,60.0,2
51,55.4,1
52,60.0,2
53,60.0,2
54,55.4,1
55,56.4,1
56,60.0,2
57,52.4,1
58,54.4,1
59,60.0,2
60,59.6,1
61,60.0,2
62,60.0,2
63,60.0,2
64,60.0,2
65,60.0,2
66,57.7,1
67,60.0,2
68,59.9,1
69,54.9,1
70,57.9,1
71,55.9,1
72,60.0,2
73,60.0,2
74,60.0,2
75,60.0,2
76,56.9,1
77,57.9,1
78,57.9,1
79,60.0,2
80,56.0,1
81,60.0,2
82,60.0,2
83,60.0,2
84,58.4,1
85,60.0,2
86,60.0,2
87,60.0,2
88,55.5,1
89,60.0,2
90,60.0,2
91,56.5,1
92,60.0,2
93,58.7,1
94,60.0,2
95,58.0,1
96,60.0,2
97,60.0,2
98,51.0,1
99,54.0,1
100,51.1,1
101,51.1,1
102,51.1,1
103,48.1,1
104,58.3,1
105,60.0,2
106,60.0,2
107,55.3,1
108,52.3,1
109,47.3,1
110,52.3,1
111,53.3,1
112,55.3,1
113,58.5,1
114,60.0,2
115,59.8,1
116,55.8,1
117,56.8,1
118,60.0,2
119,59.0,1
120,60.0,2
121,52.0,1
122,54.0,1
123,50.0,1
124,53.0,1
125,60.0,2
126,60.0,2
127,59.2,1
128,60.0,2
129,60.0,2
130,60.0,2
131,60.0,2
132,59.5,1
133,60.0,2
134,60.0,2
135,59.8,1
136,60.0,2
137,60.0,2
138,55.0,1
139,54.0,1
140,50.0,1
141,54.0,1
142,59.2,1
143,60.0,2
144,60.0,2
145,60.0,2
146,60.0,2
147,60.0,2
148,60.0,2
149,57.3,1
150,57.3,1
151,59.5,1
152,60.0,2
153,60.0,2
154,55.6,1
155,60.0,2
156,54.6,1
157,57.6,1
158,60.0,2
159,60.0,2
160,60.0,2
161,57.6,1
162,57.6,1
163,60.0,2
164,60.0,2
165,60.0,2
166,60.0,2
167,60.0,2
168,56.6,1
169,55.6,1
170,60.0,2
171,54.6,1
172,57.6,1
173,59.8,1
174,59.1,1
175,56.1,1
176,60.0,2
177,58.3,1
178,60.0,2
179,59.6,1
180,59.0,1
181,60.0,2
182,58.2,1
183,60.0,2
184,60.0,2
185,52.3,1
186,57.3,1
187,53.3,1
188,54.3,1
189,53.3,1
190,56.3,1
191,60.0,2
192,60.0,2
193,60.0,2
194,54.3,1
195,52.3,1
196,56.3,1
197,60.0,2
198,59.5,1
199,57.5,1
200,60.0,2
201,60.0,2
202,54.5,1
203,60.0,2
204,60.0,2
205,60.0,2
206,60.0,2
207,58.7,1
208,60.0,2
209,52.7,1
210,56.7,1
211,57.7,1
212,60.0,2
213,60.0,2
214,60.0,2
215,60.0,2
216,60.0,2
217,60.0,2
218,57.7,1
219,60.0,2
220,58.9,1
221,54.9,1
222,60.0,2
223,60.0,2
224,60.0,2
225,60.0,2
226,55.9,1
227,51.9,1
228,60.0,2
229,56.9,1
230,59.1,1
231,60.0,2
232,60.0,2
233,51.2,1
234,57.2,1
235,57.2,1
236,60.0,2
237,57.2,1
238,60.0,2
239,60.0,2
240,57.2,1
241,56.2,1
242,60.0,2
243,59.5,1
244,60.0,2
245,58.8,1
246,60.0,2
247,57.8,1
248,51.8,1
249,60.0,1
250,60.0,2
251,60.0,2
252,60.0,2
253,56.1,1
254,58.3,1
255,60.0,2
256,60.0,2
257,55.4,1
258,56.4,1
259,58.6,1
260,60.0,2
261,60.0,2
262,60.0,1
263,60.0,2
264,60.0,2
265,58.3,1
266,60.0,2
267,57.4,1
268,59.6,1
269,60.0,2
270,59.9,1
271,60.0,2
272,60.0,2
273,60.0,2
274,60.0,2
275,60.0,2
276,60.0,2
277,60.0,2
278,54.9,1
279,50.9,1
280,47.9,1
281,56.9,1
282,55.9,1
283,52.9,1
284,60.0,2
285,55.0,1
286,54.0,1
287,60.0,2
288,60.0,2
289,59.2,1
290,60.0,2
291,60.0,2
292,60.0,2
293,59.5,1
294,60.0,2
295,60.0,2
296,60.0,2
297,59.8,1
298,60.0,2
299,51.0,1
300,54.0,1
301,55.0,1
302,56.0,1
303,42.0,1
304,44.0,1
305,45.0,1
306,45.0,1
307,44.0,1
308,47.0,1
309,55.0,1
310,56.0,1
311,60.0,2
312,60.0,2
313,60.0,2
314,55.0,1
315,54.0,1
316,58.2,1
317,58.5,1
318,54.5,1
319,57.5,1
320,60.0,2
321,53.6,1
322,56.6,1
323,58.8,1
324,60.0,2
325,60.0,2
326,60.0,2
327,60.0,2
328,53.0,1
329,55.0,1
330,56.0,1
331,60.0,2
332,60.0,2
333,53.0,1
334,53.0,1
335,51.0,1
336,53.0,1
337,53.0,1
338,58.2,1
339,60.0,2
340,60.0,2
341,60.0,2
342,60.0,2
343,60.0,2
344,59.5,1
345,55.5,1
346,58.7,1
347,55.7,1
348,57.7,1
349,60.0,2
350,60.0,2
351,60.0,2
352,60.0,2
353,60.0,2
354,60.0,2
355,55.7,1
356,60.0,1
357,60.0,2
358,59.3,1
359,60.0,2
360,60.0,2
361,56.4,1
362,59.6,1
363,60.0,2
364,51.6,1
365,53.6,1
366,57.6,1
367,60.0,2
368,60.0,2
369,60.0,2
370,59.8,1
371,60.0,2
372,60.0,2
373,60.0,2
374,60.0,2
375,60.0,2
376,59.1,1
377,60.0,2
378,60.0,2
379,60.0,2
380,60.0,2
381,55.1,1
382,60.0,2
383,56.1,1
384,55.1,1
385,54.1,1
386,57.1,1
387,57.1,1
388,56.1,1
389,59.3,1
390,60.0,2
391,60.0,2
392,59.7,1
393,60.0,2
394,60.0,2
395,60.0,2
396,60.0,2
397,59.0,1
398,60.0,2
399,60.0,2
400,60.0,2
401,60.0,2
402,60.0,2
403,60.0,2
404,60.0,2
405,56.1,1
406,53.1,1
407,55.1,1
408,57.1,1
409,59.3,1
410,60.0,2
411,60.0,2
412,60.0,2
413,60.0,2
414,57.4,1
415,59.6,1
416,60.0,2
417,57.6,1
418,60.0,2
419,60.0,2
420,60.0,2
421,56.6,1
422,59.8,1
423,60.0,2
424,57.9,1
425,60.0,2
426,60.0,2
427,54.0,1
428,58.3,1
429,60.0,2
430,60.0,2
431,58.6,1
432,60.0,2
433,60.0,2
434,54.7,1
435,55.7,1
436,60.0,2
437,60.0,2
438,51.7,1
439,53.7,1
440,60.0,2
441,60.0,2
442,60.0,2
443,60.0,2
444,60.0,2
445,53.7,1
446,60.0,1
447,60.0,2
448,60.0,2
449,60.0,2
450,57.1,1
451,58.3,1
452,60.0,2
453,56.3,1
454,60.0,2
455,48.3,1
456,50.3,1
457,47.3,1
458,50.3,1
459,51.3,1
460,49.3,1
461,60.0,2
462,51.3,1
463,56.3,1
464,60.0,2
465,59.5,1
466,53.5,1
467,60.0,2
468,59.7,1
469,60.0,2
470,60.0,2
471,55.0,1
472,58.3,1
473,60.0,2
474,60.0,2
475,56.3,1
476,57.3,1
477,58.5,1
478,60.0,2
479,60.0,2
480,60.0,2
481,60.0,2
482,60.0,2
483,56.6,1
484,60.0,2
485,60.0,2
486,55.6,1
487,58.8,1
488,60.0,2
489,60.0,2
490,60.0,2
491,60.0,2
492,60.0,2
493,59.0,1
494,60.0,2
495,60.0,2
496,57.0,1
497,59.2,1
498,54.2,1
499,58.4,1
500,60.0,2
501,60.0,2
502,59.7,1
503,59.1,1
504,60.0,2
505,60.0,2
506,60.0,2
507,59.4,1
508,60.0,2
509,60.0,2
510,60.0,2
511,60.0,2
512,58.7,1
513,60.0,2
514,60.0,2
515,60.0,2
516,60.0,1
517,60.0,2
518,58.3,1
519,58.6,1
520,60.0,2
521,58.9,1
522,60.0,2
523,60.0,2
524,60.0,2
525,57.9,1
526,56.9,1
527,53.9,1
528,60.0,2
529,60.0,1
530,60.0,2
531,57.1,1
532,58.3,1
533,54.3,1
534,60.0,2
535,60.0,2
536,59.5,1
537,60.0,2
538,58.8,1
539,60.0,2
540,59.1,1
541,60.0,2
542,60.0,2
543,59.4,1
544,60.0,2
545,59.7,1
546,60.0,2
547,60.0,2
548,60.0,2
549,60.0,2
550,60.0,2
551,54.8,1
552,60.0,2
553,60.0,2
554,50.8,1
555,49.8,1
556,50.8,1
557,48.8,1
558,50.8,1
559,54.8,1
560,59.0,1
561,58.4,1
562,59.7,1
563,59.0,1
564,59.3,1
565,55.3,1
566,58.5,1
567,59.8,1
568,60.0,2
569,60.0,2
570,55.0,1
571,51.0,1
572,56.0,1
573,58.2,1
574,60.0,2
575,60.0,2
576,59.5,1
577,60.0,2
578,55.5,1
579,50.5,1
580,55.5,1
581,59.7,1
582,60.0,2
583,60.0,2
584,60.0,2
585,60.0,2
586,55.7,1
587,55.7,1
588,57.7,1
589,60.0,2
590,60.0,2
591,60.0,2
592,58.9,1
593,60.0,2
594,54.0,1
595,56.0,1
596,50.0,1
597,48.0,1
598,51.0,1
599,51.1,1
600,57.1,1
601,60.0,2
602,56.1,1
603,55.1,1
604,59.3,1
605,55.3,1
606,58.5,1
607,60.0,2
608,60.0,2
609,57.6,1
610,56.6,1
611,60.0,2
612,60.0,2
613,57.6,1
614,60.0,2
615,56.6,1
616,58.8,1
617,52.8,1
618,53.8,1
619,55.8,1
620,60.0,2
621,60.0,1
622,60.0,2
623,56.1,1
624,60.0,2
625,59.3,1
626,60.0,2
627,60.0,2
628,60.0,2
629,60.0,2
630,60.0,2
631,60.0,2
632,60.0,2
633,60.0,2
634,58.6,1
635,60.0,2
636,58.9,1
637,57.9,1
638,60.0,2
639,59.1,1
640,56.1,1
641,59.3,1
642,60.0,2
643,56.3,1
644,55.3,1
645,60.0,2
646,60.0,2
647,60.0,2
648,60.0,2
649,60.0,2
650,60.0,2
651,60.0,2
652,58.5,1
653,57.5,1
654,53.5,1
655,56.5,1
656,55.5,1
657,57.5,1
658,56.5,1
659,59.7,1
660,60.0,2
661,60.0,2
662,60.0,2
663,60.0,2
664,60.0,2
665,60.0,2
666,60.0,2
667,60.0,2
668,60.0,2
669,60.0,2
670,60.0,2
671,54.9,1
672,51.9,1
673,51.9,1
674,49.9,1
675,48.9,1
676,51.9,1
677,53.9,1
678,50.9,1
679,48.9,1
680,50.9,1
681,56.9,1
682,57.9,1
683,56.9,1
684,59.1,1
685,57.1,1
686,60.0,2
687,60.0,2
688,60.0,2
689,53.1,1
690,55.1,1
691,59.3,1
692,60.0,2
693,60.0,2
694,60.0,2
695,60.0,2
696,60.0,2
697,59.6,1
698,60.0,2
699,60.0,2
700,60.0,2
701,53.6,1
702,60.0,2
703,60.0,2
704,60.0,2
705,59.8,1
706,60.0,2
707,60.0,2
708,60.0,2
709,60.0,2
710,48.8,1
711,48.8,1
712,50.8,1
713,38.8,1
714,31.8,1
715,38.8,1
716,40.8,1
717,44.8,1
718,47.8,1
719,59.1,1
720,60.0,2
721,60.0,2
722,60.0,2
723,58.4,1
724,51.4,1
725,54.4,1
726,60.0,2
727,60.0,2
728,60.0,2
729,54.4,1
730,59.6,1
731,60.0,2
732,59.0,1
733,60.0,2
734,59.2,1
735,60.0,2
736,60.0,2
737,60.0,2
738,55.3,1
739,59.5,1
740,60.0,2
741,60.0,2
742,60.0,2
743,60.0,2
744,60.0,2
745,60.0,2
746,60.0,2
747,60.0,2
748,52.5,1
749,52.5,1
750,56.5,1
751,52.5,1
752,54.5,1
753,57.5,1
754,60.0,2
755,60.0,2
756,55.5,1
757,59.7,1
758,60.0,2
759,58.0,1
760,60.0,2
761,60.0,2
762,57.0,1
763,59.2,1
764,60.0,2
765,54.2,1
766,60.0,2
767,58.4,1
768,60.0,2
769,58.7,1
770,60.0,2
771,59.0,1
772,57.0,1
773,57.0,1
774,60.0,2
775,60.0,2
776,60.0,2
777,60.0,2
778,60.0,2
779,55.0,1
780,59.2,1
781,58.5,1
782,60.0,2
783,57.5,1
784,56.5,1
785,59.8,1
786,60.0,2
787,59.0,1
788,60.0,2
789,50.1,1
790,46.1,1
791,48.1,1
792,53.1,1
793,54.1,1
794,60.0,2
795,60.0,2
796,59.3,1
797,56.3,1
798,60.0,2
799,60.0,2
800,51.3,1
801,50.3,1
802,53.3,1
803,60.0,2
804,57.3,1
805,50.3,1
806,49.3,1
807,46.3,1
808,51.3,1
809,56.3,1
810,60.0,2
811,60.0,2
812,55.3,1
813,60.0,2
814,55.3,1
815,55.3,1
816,58.5,1
817,60.0,2
818,60.0,2
819,60.0,2
820,56.5,1
821,58.7,1
822,60.0,2
823,60.0,2
824,60.0,2
825,60.0,2
826,55.8,1
827,56.8,1
828,60.0,2
829,60.0,2
830,48.8,1
831,47.8,1
832,51.8,1
833,46.8,1
834,52.8,1
835,53.8,1
836,52.8,1
837,60.0,2
838,57.8,1
839,54.8,1
840,53.8,1
841,56.8,1
842,60.0,2
843,60.0,2
844,60.0,2
845,60.0,1
846,60.0,2
847,60.0,2
848,58.3,1
849,60.0,2
850,59.6,1
851,60.0,2
852,60.0,2
853,60.0,2
854,60.0,2
855,60.0,2
856,60.0,2
857,60.0,2
858,53.6,1
859,57.6,1
860,60.0,2
861,60.0,2
862,60.0,2
863,60.0,2
864,60.0,2
865,60.0,2
866,59.9,1
867,60.0,2
868,60.0,2
869,57.0,1
870,60.0,2
871,51.0,1
872,60.0,2
873,59.3,1
874,60.0,2
875,56.4,1
876,60.0,2
877,60.0,2
878,59.6,1
879,60.0,2
880,60.0,2
881,60.0,2
882,44.7,1
883,47.7,1
884,51.7,1
885,53.7,1
886,52.7,1
887,60.0,2
888,54.7,1
889,48.7,1
890,48.7,1
891,49.8,1
892,45.8,1
893,53.8,1
894,59.0,1
895,60.0,2
896,60.0,2
897,60.0,2
898,59.3,1
899,60.0,2
900,60.0,2
901,60.0,2
902,60.0,2
903,60.0,2
904,58.6,1
905,59.8,1
906,60.0,2
907,60.0,2
908,60.0,2
909,57.0,1
910,58.2,1
911,57.2,1
912,59.4,1
913,60.0,2
914,59.7,1
915,57.7,1
916,53.7,1
917,55.7,1
918,60.0,1
919,54.0,1
920,45.0,1
921,50.0,1
922,54.0,1
923,59.2,1
924,60.0,2
925,60.0,2
926,58.5,1
927,53.5,1
928,49.5,1
929,57.5,1
930,58.7,1
931,55.7,1
932,60.0,2
933,59.9,1
934,60.0,2
935,55.0,1
936,60.0,2
937,60.0,2
938,58.3,1
939,60.0,2
940,60.0,2
941,55.4,1
942,51.4,1
943,48.4,1
944,54.4,1
945,60.0,2
946,58.6,1
947,60.0,2
948,60.0,2
949,60.0,2
950,55.7,1
951,46.7,1
952,44.7,1
953,48.7,1
954,50.7,1
955,46.7,1
956,50.7,1
957,53.7,1
958,57.7,1
959,60.0,2
960,53.7,1
961,57.7,1
962,60.0,2
963,60.0,2
964,59.0,1
965,60.0,2
966,60.0,2
967,60.0,2
968,60.0,2
969,60.0,2
970,53.1,1
971,57.1,1
972,59.3,1
973,60.0,2
974,60.0,2
975,60.0,2
976,60.0,2
977,60.0,2
978,60.0,2
979,53.4,1
980,57.4,1
981,57.4,1
982,58.6,1
983,60.0,2
984,52.6,1
985,57.6,1
986,59.8,1
987,56.8,1
988,53.8,1
989,59.0,1
990,60.0,2
991,58.0,1
992,60.0,2
993,60.0,2
994,49.0,1
995,51.0,1
996,50.0,1
997,52.0,1
998,56.0,1
999,60.0,2
1000,60.0,2
1001,60.0,2
1002,57.0,1
1003,56.0,1
1004,60.0,2
1005,60.0,2
1006,60.0,2
1007,60.0,2
1008,60.0,2
1009,51.0,1
1010,49.0,1
1011,48.0,1
1012,52.0,1
1013,51.0,1
1014,55.0,1
1015,58.2,1
1016,58.5,1
1017,60.0,2
1018,59.8,1
1019,60.0,2
1020,56.9,1
1021,60.0,2
1022,60.0,2
1023,60.0,2
1024,60.0,2
1025,47.0,1
1026,54.0,1
1027,60.0,2
1028,60.0,2
1029,53.0,1
1030,60.0,2
1031,60.0,2
1032,60.0,2
1033,56.0,1
1034,59.2,1
1035,60.0,2
1036,58.5,1
1037,51.5,1
1038,60.0,2
1039,56.5,1
1040,59.7,1
1041,60.0,2
1042,57.9,1
1043,60.0,2
1044,56.0,1
1045,60.0,2
1046,60.0,2
1047,60.0,2
1048,60.0,2
1049,60.0,2
1050,48.0,1
1051,49.0,1
1052,53.0,1
1053,60.0,2
1054,55.0,1
1055,60.0,2
1056,60.0,2
1057,60.0,2
1058,58.2,1
1059,60.0,2
1060,56.3,1
1061,60.0,2
1062,60.0,2
1063,60.0,2
1064,52.3,1
1065,47.3,1
1066,49.3,1
1067,51.3,1
1068,48.3,1
1069,53.3,1
1070,58.5,1
1071,60.0,2
1072,55.5,1
1073,55.5,1
1074,60.0,2
1075,60.0,2
1076,60.0,2
1077,60.0,2
1078,60.0,2
1079,59.8,1
1080,60.0,2
1081,60.0,2
1082,51.9,1
1083,60.0,2
1084,60.0,2
1085,60.0,1
1086,48.0,1
1087,50.0,1
1088,51.0,1
1089,56.0,1
1090,52.0,1
1091,58.2,1
1092,60.0,2
1093,58.5,1
1094,60.0,2
1095,60.0,2
1096,60.0,2
1097,55.5,1
1098,54.5,1
1099,52.5,1
1100,47.5,1
1101,48.5,1
1102,50.5,1
1103,52.6,1
1104,56.6,1
1105,56.6,1
1106,58.8,1
1107,59.2,1
1108,54.2,1
1109,60.0,2
1110,60.0,2
1111,60.0,2
1112,58.4,1
1113,60.0,2
1114,60.0,2
1115,60.0,2
1116,60.0,2
1117,60.0,2
1118,53.4,1
1119,56.4,1
1120,60.0,2
1121,60.0,2
1122,60.0,2
1123,60.0,2
1124,60.0,2
1125,60.0,2
1126,53.4,1
1127,56.4,1
1128,60.0,2
1129,56.4,1
1130,56.4,1
1131,60.0,2
1132,60.0,2
1133,47.4,1
1134,44.4,1
1135,46.4,1
1136,57.4,1
1137,60.0,2
1138,52.4,1
1139,55.4,1
1140,60.0,2
1141,60.0,2
1142,57.4,1
1143,59.6,1
1144,60.0,2
1145,60.0,2
1146,60.0,2
1147,59.9,1
1148,60.0,2
1149,60.0,2
1150,60.0,2
1151,60.0,2
1152,59.2,1
1153,60.0,2
1154,60.0,2
1155,60.0,2
1156,58.5,1
1157,57.5,1
1158,58.8,1
1159,60.0,2
1160,60.0,2
1161,57.0,1
1162,60.0,2
1163,60.0,2
1164,60.0,2
1165,60.0,2
1166,60.0,2
1167,60.0,2
1168,53.0,1
1169,51.0,1
1170,54.0,1
1171,60.0,2
1172,60.0,2
1173,60.0,2
1174,54.0,1
1175,58.2,1
1176,60.0,2
1177,55.3,1
1178,60.0,2
1179,60.0,2
1180,60.0,2
1181,60.0,2
1182,60.0,2
1183,60.0,2
1184,60.0,2
1185,60.0,2
1186,56.3,1
1187,59.5,1
1188,60.0,2
1189,60.0,2
1190,60.0,2
1191,60.0,2
1192,60.0,2
1193,60.0,2
1194,60.0,2
1195,60.0,2
1196,58.8,1
1197,60.0,2
1198,55.9,1
1199,53.9,1
1200,55.9,1
1201,57.9,1
1202,54.9,1
1203,60.0,2
1204,53.0,1
1205,53.0,1
1206,53.0,1
1207,60.0,2
1208,55.0,1
1209,53.0,1
1210,57.0,1
1211,59.2,1
1212,60.0,2
1213,60.0,2
1214,60.0,2
1215,60.0,2
1216,53.3,1
1217,58.5,1
1218,60.0,2
1219,60.0,2
1220,60.0,2
1221,54.6,1
1222,55.6,1
1223,52.6,1
1224,60.0,2
1225,60.0,2
1226,54.6,1
1227,52.7,1
1228,53.7,1
1229,60.0,2
1230,60.0,2
1231,60.0,2
1232,53.7,1
1233,59.9,1
1234,60.0,2
1235,53.0,1
1236,59.2,1
1237,60.0,2
1238,58.5,1
1239,60.0,2
1240,56.6,1
1241,56.6,1
1242,49.6,1
1243,53.6,1
1244,57.6,1
1245,59.8,1
1246,56.8,1
1247,60.0,2
1248,56.8,1
1249,60.0,2
1250,60.0,2
1251,60.0,2
1252,53.8,1
1253,50.8,1
1254,60.0,2
1255,55.8,1
1256,60.0,2
1257,51.8,1
1258,48.8,1
1259,45.8,1
1260,52.8,1
1261,53.8,1
1262,60.0,2
1263,60.0,2
1264,60.0,2
1265,60.0,2
1266,60.0,2
1267,60.0,2
1268,56.8,1
1269,53.8,1
1270,55.8,1
1271,57.8,1
1272,59.0,1
1273,60.0,2
1274,60.0,2
1275,55.1,1
1276,57.1,1
1277,59.4,1
1278,53.4,1
1279,60.0,2
1280,60.0,2
1281,60.0,2
1282,58.6,1
1283,59.9,1
1284,60.0,2
1285,60.0,2
1286,60.0,1
1287,60.0,2
1288,60.0,2
1289,57.0,1
1290,60.0,2
1291,60.0,2
1292,54.0,1
1293,53.0,1
1294,57.0,1
1295,60.0,2
1296,57.0,1
1297,55.0,1
1298,52.0,1
1299,57.0,1
1300,57.0,1
1301,60.0,2
1302,60.0,2
1303,60.0,2
1304,60.0,2
1305,58.3,1
1306,51.3,1
1307,53.3,1
1308,58.5,1
1309,59.8,1
1310,60.0,2
1311,60.0,2
1312,60.0,2
1313,60.0,2
1314,60.0,2
1315,57.9,1
1316,60.0,2
1317,59.0,1
1318,60.0,2
1319,60.0,2
1320,60.0,2
1321,60.0,2
1322,59.3,1
1323,60.0,2
1324,59.6,1
1325,60.0,2
1326,60.0,2
1327,53.7,1
1328,55.7,1
1329,55.7,1
1330,59.9,1
1331,60.0,2
1332,57.0,1
1333,57.0,1
1334,57.0,1
1335,55.0,1
1336,58.3,1
1337,60.0,2
1338,60.0,2
1339,60.0,2
1340,60.0,2
1341,50.4,1
1342,48.4,1
1343,52.4,1
1344,50.4,1
1345,57.4,1
1346,60.0,2
1347,60.0,2
1348,60.0,2
1349,60.0,2
1350,60.0,2
1351,60.0,2
1352,52.4,1
1353,51.4,1
1354,48.4,1
1355,51.4,1
1356,52.4,1
1357,53.4,1
1358,50.4,1
1359,60.0,2
1360,57.4,1
1361,60.0,2
1362,58.6,1
1363,59.9,1
1364,60.0,2
1365,60.0,2
1366,60.0,2
1367,54.0,1
1368,52.0,1
1369,60.0,2
1370,60.0,2
1371,60.0,2
1372,60.0,2
1373,60.0,2
1374,59.2,1
1375,60.0,2
1376,60.0,2
1377,57.3,1
1378,59.5,1
1379,60.0,2
1380,60.0,2
1381,60.0,2
1382,58.8,1
1383,60.0,2
1384,52.0,1
1385,58.3,1
1386,59.6,1
1387,58.9,1
1388,60.0,2
1389,57.0,1
1390,60.0,2
1391,60.0,2
1392,60.0,2
1393,60.0,2
1394,60.0,2
1395,58.0,1
1396,60.0,2
1397,60.0,2
1398,55.0,1
1399,59.1,1
1400,60.0,2
1401,60.0,2
1402,59.4,1
1403,60.0,2
1404,60.0,2
1405,55.5,1
1406,57.5,1
1407,60.0,2
1408,60.0,2
1409,57.5,1
1410,60.0,2
1411,60.0,2
1412,60.0,2
1413,52.5,1
1414,56.5,1
1415,54.5,1
1416,57.5,1
1417,60.0,2
1418,60.0,2
1419,55.5,1
1420,57.5,1
1421,54.5,1
1422,58.7,1
1423,60.0,2
1424,60.0,2
1425,60.0,2
1426,53.0,1
1427,55.0,1
1428,51.0,1
1429,47.0,1
1430,52.0,1
1431,48.0,1
1432,46.0,1
1433,48.0,1
1434,46.0,1
1435,40.0,1
1436,43.0,1
1437,38.0,1
1438,42.0,1
1439,38.0,1
1440,42.0,1
1441,51.0,1
1442,54.0,1
1443,56.0,1
1444,58.2,1
1445,57.2,1
1446,60.0,2
1447,60.0,2
1448,60.0,2
1449,60.0,2
1450,52.2,1
1451,51.2,1
1452,51.2,1
1453,56.2,1
1454,56.2,1
1455,58.5,1
1456,60.0,2
1457,57.6,1
1458,60.0,2
1459,60.0,2
1460,55.6,1
1461,49.6,1
1462,50.6,1
1463,53.6,1
1464,55.6,1
1465,57.6,1
1466,60.0,2
1467,60.0,2
1468,60.0,2
1469,60.0,2
1470,55.6,1
1471,60.0,2
1472,60.0,2
1473,57.6,1
1474,60.0,2
1475,53.6,1
1476,56.6,1
1477,57.6,1
1478,60.0,2
1479,54.6,1
1480,52.6,1
1481,50.6,1
1482,53.6,1
1483,51.6,1
1484,51.6,1
1485,51.6,1
1486,52.6,1
1487,58.8,1
1488,60.0,2
1489,57.8,1
1490,60.0,2
1491,60.0,2
1492,60.0,2
1493,60.0,2
1494,60.0,2
1495,49.8,1
1496,52.8,1
1497,54.8,1
1498,60.0,2
1499,60.0,2
1500,56.8,1
1501,60.0,2
1502,60.0,2
1503,60.0,2
1504,55.8,1
1505,52.8,1
1506,53.8,1
1507,59.0,1
1508,60.0,2
1509,60.0,2
1510,60.0,2
1511,60.0,2
1512,60.0,2
1513,58.3,1
1514,60.0,2
1515,60.0,2
1516,60.0,2
1517,60.0,2
1518,60.0,2
1519,60.0,2
1520,60.0,2
1521,60.0,2
1522,58.6,1
1523,56.6,1
1524,58.9,1
1525,60.0,2
1526,60.0,2
1527,55.0,1
1528,52.0,1
1529,54.0,1
1530,53.0,1
1531,57.0,1
1532,60.0,2
1533,54.0,1
1534,60.0,2
1535,60.0,2
1536,55.0,1
1537,60.0,2
1538,59.2,1
1539,60.0,2
1540,60.0,2
1541,60.0,2
1542,60.0,2
1543,54.3,1
1544,54.3,1
1545,57.3,1
1546,59.5,1
1547,59.8,1
1548,60.0,2
1549,53.0,1
1550,58.3,1
1551,60.0,2
1552,60.0,2
1553,56.4,1
1554,58.6,1
1555,60.0,2
1556,60.0,2
1557,60.0,2
1558,60.0,2
1559,57.7,1
1560,55.7,1
1561,56.7,1
1562,59.9,1
1563,60.0,2
1564,60.0,2
1565,60.0,2
1566,60.0,2
1567,58.3,1
1568,56.3,1
1569,54.3,1
1570,56.3,1
1571,58.5,1
1572,60.0,2
1573,54.6,1
1574,56.6,1
1575,60.0,2
1576,60.0,2
1577,60.0,2
1578,60.0,2
1579,60.0,2
1580,59.8,1
1581,52.8,1
1582,51.8,1
1583,56.8,1
1584,54.8,1
1585,60.0,2
1586,60.0,2
1587,60.0,2
1588,60.0,2
1589,59.0,1
1590,60.0,2
1591,60.0,2
1592,55.1,1
1593,57.1,1
1594,55.1,1
1595,60.0,2
1596,60.0,2
1597,60.0,2
1598,60.0,2
1599,60.0,2
1600,56.1,1
1601,60.0,2
1602,60.0,2
1603,60.0,2
1604,55.1,1
1605,60.0,2
1606,60.0,2
1607,58.3,1
1608,60.0,2
1609,58.6,1
1610,60.0,2
1611,51.7,1
1612,59.9,1
1613,57.9,1
1614,60.0,2
1615,60.0,2
1616,54.9,1
1617,54.9,1
1618,50.9,1
1619,57.9,1
1620,60.0,2
1621,60.0,2
1622,51.0,1
1623,53.0,1
1624,59.2,1
1625,56.2,1
1626,57.2,1
1627,60.0,2
1628,59.4,1
1629,60.0,2
1630,58.7,1
1631,60.0,2
1632,60.0,2
1633,60.0,2
1634,57.7,1
1635,60.0,2
1636,60.0,2
1637,46.7,1
1638,49.7,1
1639,54.7,1
1640,45.7,1
1641,53.7,1
1642,56.7,1
1643,58.9,1
1644,60.0,2
1645,60.0,2
1646,53.9,1
1647,55.9,1
1648,60.0,2
1649,60.0,2
1650,60.0,2
1651,60.0,2
1652,60.0,2
1653,60.0,2
1654,56.9,1
1655,59.1,1
1656,55.1,1
1657,60.0,2
1658,55.1,1
1659,60.0,2
1660,60.0,2
1661,59.3,1
1662,59.6,1
1663,60.0,2
1664,59.9,1
1665,60.0,2
1666,60.0,2
1667,60.0,2
1668,60.0,2
1669,60.0,2
1670,60.0,2
1671,60.0,2
1672,60.0,2
1673,60.0,2
1674,60.0,2
1675,55.0,1
1676,56.0,1
1677,60.0,2
1678,60.0,2
1679,56.0,1
1680,55.0,1
1681,56.0,1
1682,60.0,2
1683,60.0,2
1684,60.0,2
1685,60.0,2
1686,57.0,1
1687,60.0,2
1688,60.0,2
1689,59.2,1
1690,59.5,1
1691,58.9,1
1692,60.0,2
1693,60.0,2
1694,60.0,2
1695,60.0,2
1696,60.0,2
1697,60.0,2
1698,60.0,1
1699,60.0,2
1700,60.0,2
1701,60.0,2
1702,57.1,1
1703,58.3,1
1704,60.0,2
1705,53.4,1
1706,43.4,1
1707,54.4,1
1708,60.0,2
1709,59.6,1
1710,60.0,2
1711,60.0,2
1712,60.0,2
1713,59.9,1
1714,60.0,2
1715,60.0,2
1716,60.0,2
1717,59.0,1
1718,59.3,1
1719,52.3,1
1720,52.3,1
1721,52.3,1
1722,60.0,2
1723,58.5,1
1724,60.0,2
1725,60.0,2
1726,60.0,2
1727,60.0,2
1728,59.8,1
1729,60.0,2
1730,60.0,2
1731,53.0,1
1732,59.3,1
1733,60.0,2
1734,60.0,2
1735,60.0,2
1736,60.0,2
1737,60.0,2
1738,58.6,1
1739,60.0,2
1740,51.7,1
1741,56.7,1
1742,60.0,2
1743,60.0,2
1744,59.9,1
1745,60.0,2
1746,59.3,1
1747,60.0,2
1748,60.0,2
1749,60.0,2
1750,60.0,2
1751,58.6,1
1752,60.0,2
1753,58.9,1
1754,60.0,2
1755,60.0,2
1756,53.0,1
1757,56.0,1
1758,59.0,1
1759,60.0,2
1760,60.0,2
1761,60.0,2
1762,59.2,1
1763,59.5,1
1764,60.0,2
1765,60.0,2
1766,60.0,2
1767,60.0,2
1768,58.9,1
1769,60.0,2
1770,60.0,2
1771,59.2,1
1772,57.2,1
1773,59.4,1
1774,60.0,2
1775,47.5,1
1776,50.5,1
1777,58.7,1
1778,60.0,2
1779,57.7,1
1780,55.7,1
1781,51.7,1
1782,52.7,1
1783,53.7,1
1784,58.9,1
1785,55.9,1
1786,55.9,1
1787,60.0,2
1788,54.9,1
1789,50.9,1
1790,60.0,2
1791,60.0,1
1792,60.0,2
1793,60.0,2
1794,53.0,1
1795,59.2,1
1796,60.0,2
1797,60.0,2
1798,60.0,2
1799,54.3,1
1800,58.5,1
1801,56.5,1
1802,60.0,2
1803,60.0,2
1804,55.5,1
1805,57.5,1
1806,60.0,2
1807,60.0,2
1808,59.8,1
1809,60.0,2
1810,60.0,2
1811,60.0,2
1812,60.0,2
1813,60.0,2
1814,60.0,2
1815,60.0,2
1816,55.9,1
1817,57.9,1
1818,60.0,2
1819,50.0,1
1820,43.0,1
1821,44.0,1
1822,45.0,1
1823,49.0,1
1824,55.0,1
1825,60.0,2
1826,60.0,2
1827,60.0,2
1828,56.0,1
1829,55.0,1
1830,60.0,2
1831,60.0,2
1832,58.2,1
1833,60.0,2
1834,59.5,1
1835,55.5,1
1836,56.5,1
1837,53.5,1
1838,60.0,2
1839,57.5,1
1840,59.8,1
1841,60.0,2
1842,59.1,1
1843,60.0,2
1844,60.0,2
1845,56.2,1
1846,60.0,2
1847,54.2,1
1848,56.2,1
1849,59.4,1
1850,60.0,2
1851,53.5,1
1852,58.7,1
1853,60.0,2
1854,60.0,2
1855,57.8,1
1856,60.0,2
1857,59.0,1
1858,60.0,2
1859,60.0,2
1860,54.0,1
1861,58.2,1
1862,60.0,2
1863,60.0,2
1864,50.2,1
1865,56.2,1
1866,56.2,1
1867,56.2,1
1868,60.0,2
1869,56.2,1
1870,60.0,2
1871,60.0,2
1872,60.0,2
1873,58.5,1
1874,60.0,2
1875,60.0,2
1876,60.0,2
1877,60.0,2
1878,57.5,1
1879,60.0,2
1880,60.0,2
1881,60.0,2
1882,56.5,1
1883,60.0,2
1884,60.0,2
1885,52.5,1
1886,48.5,1
1887,58.7,1
1888,60.0,2
1889,60.0,2
1890,60.0,1
1891,59.3,1
1892,60.0,2
1893,60.0,2
1894,56.4,1
1895,60.0,2
1896,60.0,2
1897,57.4,1
1898,60.0,2
1899,60.0,2
1900,60.0,2
1901,60.0,2
1902,60.0,2
1903,58.6,1
1904,60.0,2
1905,58.9,1
1906,60.0,2
1907,60.0,2
1908,59.3,1
1909,60.0,2
1910,60.0,2
1911,56.4,1
1912,59.7,1
1913,60.0,1
1914,60.0,2
1915,60.0,2
1916,58.3,1
1917,60.0,2
1918,59.6,1
1919,59.9,1
1920,59.0,1
1921,60.0,2
1922,59.2,1
1923,60.0,2
1924,60.0,2
1925,60.0,2
1926,59.5,1
1927,60.0,2
1928,60.0,2
1929,60.0,2
1930,60.0,2
1931,54.6,1
1932,60.0,2
1933,60.0,2
1934,59.8,1
1935,60.0,2
1936,60.0,2
1937,60.0,2
1938,60.0,2
1939,60.0,2
1940,60.0,2
1941,55.9,1
1942,57.9,1
1943,59.2,1
1944,60.0,2
1945,60.0,2
1946,58.4,1
1947,54.4,1
1948,60.0,2
1949,58.6,1
1950,58.9,1
1951,53.9,1
1952,60.0,2
1953,56.0,1
1954,60.0,2
1955,60.0,2
1956,60.0,2
1957,60.0,2
1958,60.0,2
1959,60.0,2
1960,60.0,2
1961,60.0,2
1962,60.0,2
1963,59.3,1
1964,56.3,1
1965,56.3,1
1966,42.3,1
1967,50.3,1
1968,57.3,1
1969,58.5,1
1970,55.5,1
1971,58.8,1
1972,60.0,2
1973,56.9,1
1974,60.0,2
1975,46.0,1
1976,55.0,1
1977,57.0,1
1978,60.0,2
1979,57.0,1
1980,60.0,2
1981,60.0,2
1982,60.0,2
1983,57.0,1
1984,60.0,2
1985,60.0,2
1986,60.0,2
1987,60.0,2
1988,59.2,1
1989,60.0,2
1990,54.3,1
1991,51.3,1
1992,54.3,1
1993,56.3,1
1994,58.5,1
1995,58.8,1
1996,56.8,1
1997,60.0,2
1998,51.0,1
1999,52.0,1
2000,55.0,1
2001,58.2,1
2002,60.0,2
2003,60.0,2
2004,50.3,1
2005,54.3,1
2006,57.3,1
2007,56.3,1
2008,60.0,2
2009,55.3,1
2010,59.5,1
2011,54.5,1
2012,60.0,2
2013,58.7,1
2014,57.7,1
2015,60.0,2
2016,55.7,1
2017,48.7,1
2018,52.7,1
2019,49.7,1
2020,55.7,1
2021,54.7,1
2022,54.8,1
2023,55.8,1
2024,56.8,1
2025,60.0,1
2026,60.0,2
2027,60.0,1
2028,60.0,2
2029,60.0,2
2030,60.0,2
2031,57.0,1
2032,60.0,2
2033,60.0,2
2034,57.0,1
2035,60.0,2
2036,60.0,2
2037,60.0,2
2038,60.0,2
2039,59.2,1
2040,58.5,1
2041,57.5,1
2042,54.5,1
2043,56.5,1
2044,59.7,1
2045,56.7,1
2046,54.7,1
2047,56.7,1
2048,60.0,1
2049,60.0,2
2050,59.3,1
2051,60.0,2
2052,51.4,1
2053,53.4,1
2054,58.6,1
2055,60.0,2
2056,60.0,2
2057,60.0,2
2058,60.0,2
2059,57.6,1
2060,50.6,1
2061,50.6,1
2062,50.6,1
2063,49.6,1
2064,53.6,1
2065,56.6,1
2066,60.0,2
2067,60.0,2
2068,55.6,1
2069,57.6,1
2070,60.0,2
2071,60.0,2
2072,59.8,1
2073,60.0,2
2074,56.9,1
2075,60.0,2
2076,57.0,1
2077,60.0,2
2078,60.0,2
2079,56.0,1
2080,58.2,1
2081,39.2,1
2082,41.2,1
2083,47.2,1
2084,48.2,1
2085,47.2,1
2086,48.2,1
2087,55.2,1
2088,58.4,1
2089,60.0,2
2090,59.7,1
2091,52.7,1
2092,51.8,1
2093,55.8,1
2094,55.8,1
2095,57.8,1
2096,60.0,2
2097,60.0,2
2098,60.0,2
2099,57.8,1
2100,56.8,1
2101,60.0,2
2102,60.0,2
2103,55.8,1
2104,60.0,2
2105,55.8,1
2106,60.0,2
2107,60.0,2
2108,60.0,2
2109,60.0,2
2110,60.0,2
2111,53.8,1
2112,55.8,1
2113,60.0,2
2114,60.0,2
2115,60.0,2
2116,59.0,1
2117,52.0,1
2118,56.0,1
2119,60.0,2
2120,60.0,2
2121,60.0,2
2122,60.0,2
2123,58.0,1
2124,60.0,2
2125,57.0,1
2126,57.0,1
2127,60.0,2
2128,60.0,2
2129,59.0,1
2130,60.0,2
2131,60.0,2
2132,57.1,1
2133,58.3,1
2134,60.0,2
2135,60.0,2
2136,60.0,2
2137,60.0,2
2138,60.0,2
2139,60.0,2
2140,58.6,1
2141,60.0,2
2142,59.9,1
2143,60.0,2
2144,60.0,2
2145,57.0,1
2146,59.2,1
2147,58.5,1
2148,60.0,2
2149,60.0,2
2150,60.0,2
2151,59.8,1
2152,60.0,2
2153,57.9,1
2154,46.9,1
2155,49.9,1
2156,52.9,1
2157,60.0,2
2158,60.0,1
2159,60.0,2
2160,59.3,1
2161,60.0,2
2162,60.0,2
2163,60.0,2
2164,59.6,1
2165,60.0,2
2166,58.9,1
2167,60.0,2
2168,60.0,2
2169,60.0,2
2170,60.0,2
2171,60.0,2
2172,60.0,2
2173,60.0,2
2174,54.0,1
2175,60.0,2
2176,58.3,1
2177,60.0,2
2178,58.6,1
2179,58.9,1
2180,60.0,2
2181,60.0,2
2182,60.0,2
2183,60.0,2
2184,56.9,1
2185,60.0,2
2186,60.0,2
2187,59.2,1
2188,60.0,2
2189,59.5,1
2190,60.0,2
2191,59.8,1
2192,60.0,2
2193,60.0,2
2194,59.1,1
2195,54.1,1
2196,60.0,2
2197,59.3,1
2198,60.0,2
2199,60.0,2
2200,60.0,2
2201,58.6,1
2202,57.6,1
2203,57.6,1
2204,59.9,1
2205,60.0,2
2206,56.9,1
2207,60.0,2
2208,60.0,2
2209,56.9,1
2210,60.0,2
2211,60.0,2
2212,60.0,2
2213,59.1,1
2214,60.0,2
2215,60.0,2
2216,58.3,1
2217,60.0,2
2218,60.0,2
2219,60.0,2
2220,59.6,1
2221,51.6,1
2222,56.6,1
2223,60.0,2
2224,58.8,1
2225,60.0,2
2226,60.0,2
2227,59.0,1
2228,56.0,1
2229,60.0,2
2230,56.0,1
2231,60.0,2
2232,60.0,2
2233,57.0,1
2234,58.2,1
2235,60.0,2
2236,60.0,2
2237,60.0,2
2238,54.2,1
2239,55.2,1
2240,57.2,1
2241,60.0,2
2242,57.2,1
2243,60.0,2
2244,60.0,2
2245,60.0,2
2246,60.0,2
2247,60.0,2
2248,60.0,2
2249,59.4,1
2250,60.0,2
2251,60.0,2
2252,60.0,2
2253,60.0,2
2254,60.0,2
2255,60.0,2
2256,59.7,1
2257,60.0,2
2258,60.0,2
2259,60.0,2
2260,60.0,2
2261,52.8,1
2262,60.0,2
2263,60.0,2
2264,56.8,1
2265,60.0,2
2266,56.9,1
2267,52.9,1
2268,60.0,2
2269,60.0,2
2270,60.0,2
2271,60.0,1
2272,60.0,2
2273,60.0,2
2274,60.0,2
2275,57.0,1
2276,59.2,1
2277,60.0,2
2278,60.0,2
2279,60.0,2
2280,56.3,1
2281,60.0,2
2282,60.0,2
2283,55.3,1
2284,60.0,2
2285,59.5,1
2286,57.5,1
2287,60.0,2
2288,59.7,1
2289,60.0,2
2290,60.0,1
2291,57.0,1
2292,60.0,2
2293,60.0,2
2294,49.0,1
2295,57.0,1
2296,60.0,2
2297,53.0,1
2298,53.0,1
2299,58.2,1
2300,57.2,1
2301,60.0,2
2302,57.2,1
2303,60.0,2
2304,55.2,1
2305,54.2,1
2306,60.0,2
2307,53.2,1
2308,56.2,1
2309,56.2,1
2310,60.0,2
2311,59.4,1
2312,60.0,2
2313,60.0,2
2314,57.5,1
2315,55.5,1
2316,50.5,1
2317,52.5,1
2318,46.5,1
2319,46.5,1
2320,50.5,1
2321,55.6,1
2322,54.6,1
2323,56.6,1
2324,56.6,1
2325,52.6,1
2326,54.6,1
2327,60.0,2
2328,56.6,1
2329,60.0,2
2330,60.0,2
2331,60.0,2
2332,60.0,2
2333,60.0,2
2334,59.8,1
2335,60.0,2
2336,60.0,2
2337,60.0,2
2338,60.0,2
2339,60.0,2
2340,57.8,1
2341,60.0,1
2342,60.0,2
2343,60.0,2
2344,59.3,1
2345,59.6,1
2346,56.6,1
2347,60.0,2
2348,58.8,1
2349,57.8,1
2350,60.0,2
2351,58.0,1
2352,60.0,2
2353,58.3,1
2354,60.0,2
2355,58.6,1
2356,57.6,1
2357,59.8,1
2358,56.8,1
2359,60.0,2
2360,60.0,2
2361,54.0,1
2362,58.3,1
2363,60.0,2
2364,60.0,2
2365,60.0,2
2366,59.5,1
2367,60.0,2
2368,58.8,1
2369,60.0,2
2370,60.0,2
2371,60.0,2
2372,60.0,2
2373,60.0,1
2374,57.0,1
2375,55.0,1
2376,57.0,1
2377,60.0,2
2378,56.0,1
2379,60.0,2
2380,60.0,2
2381,60.0,2
2382,60.0,2
2383,60.0,2
2384,60.0,2
2385,60.0,2
2386,53.0,1
2387,50.0,1
2388,55.0,1
2389,58.2,1
2390,53.2,1
2391,53.2,1
2392,60.0,2
2393,56.2,1
2394,60.0,2
2395,60.0,2
2396,60.0,2
2397,60.0,2
2398,59.4,1
2399,60.0,2
2400,60.0,2
2401,53.4,1
2402,60.0,2
2403,60.0,2
2404,55.5,1
2405,56.5,1
2406,58.7,1
2407,56.7,1
2408,58.9,1
2409,60.0,2
2410,60.0,2
2411,60.0,2
2412,60.0,2
2413,60.0,2
2414,60.0,2
2415,60.0,2
2416,60.0,1
2417,60.0,2
2418,55.0,1
2419,52.0,1
2420,55.0,1
2421,60.0,2
2422,54.0,1
2423,57.0,1
2424,60.0,2
2425,57.0,1
2426,59.2,1
2427,60.0,2
2428,60.0,2
2429,60.0,2
2430,56.3,1
2431,54.3,1
2432,60.0,2
2433,55.3,1
2434,60.0,2
2435,53.3,1
2436,56.3,1
2437,58.5,1
2438,60.0,2
2439,60.0,2
2440,57.6,1
2441,60.0,2
2442,54.6,1
2443,56.6,1
2444,56.6,1
2445,60.0,2
2446,49.6,1
2447,52.6,1
2448,57.7,1
2449,59.9,1
2450,52.9,1
2451,45.9,1
2452,48.9,1
2453,49.9,1
2454,48.9,1
2455,49.9,1
2456,50.9,1
2457,52.9,1
2458,55.9,1
2459,60.0,2
2460,60.0,2
2461,60.0,2
2462,60.0,2
2463,54.9,1
2464,50.9,1
2465,57.9,1
2466,60.0,2
2467,60.0,2
2468,56.9,1
2469,60.0,2
2470,59.0,1
2471,60.0,2
2472,60.0,2
2473,60.0,2
2474,60.0,2
2475,60.0,2
2476,60.0,2
2477,60.0,2
2478,60.0,2
2479,53.1,1
2480,55.1,1
2481,51.1,1
2482,58.3,1
2483,60.0,2
2484,59.6,1
2485,60.0,2
2486,60.0,2
2487,54.7,1
2488,54.7,1
2489,58.9,1
2490,60.0,2
2491,60.0,2
2492,59.1,1
2493,60.0,2
2494,60.0,2
2495,60.0,2
2496,60.0,2
2497,59.4,1
2498,60.0,2
2499,60.0,2
2500,56.4,1
2501,51.4,1
2502,52.4,1
2503,53.5,1
2504,58.7,1
2505,54.7,1
2506,59.9,1
2507,57.9,1
2508,60.0,2
2509,54.9,1
2510,56.9,1
2511,54.9,1
2512,52.9,1
2513,48.9,1
2514,54.9,1
2515,60.0,2
2516,53.0,1
2517,53.0,1
2518,55.0,1
2519,50.0,1
2520,52.0,1
2521,60.0,2
2522,60.0,2
2523,57.0,1
2524,59.2,1
2525,60.0,2
2526,60.0,2
2527,59.5,1
2528,60.0,2
2529,49.5,1
2530,52.5,1
2531,50.5,1
2532,58.8,1
2533,54.8,1
2534,52.8,1
2535,59.0,1
2536,60.0,2
2537,60.0,2
2538,60.0,2
2539,60.0,2
2540,60.0,2
2541,60.0,2
2542,59.3,1
2543,54.3,1
2544,56.3,1
2545,53.3,1
2546,55.3,1
2547,60.0,2
2548,58.5,1
2549,53.5,1
2550,60.0,2
2551,59.7,1
2552,57.7,1
2553,60.0,2
2554,54.7,1
2555,57.7,1
2556,59.9,1
2557,60.0,2
2558,60.0,2
2559,55.0,1
2560,57.0,1
2561,60.0,2
2562,55.0,1
2563,55.0,1
2564,60.0,2
2565,60.0,2
2566,60.0,2
2567,57.0,1
2568,60.0,2
2569,60.0,2
2570,59.2,1
2571,60.0,2
2572,60.0,2
2573,54.3,1
2574,59.6,1
2575,60.0,2
2576,60.0,2
2577,60.0,2
2578,60.0,2
2579,60.0,2
2580,59.9,1
2581,60.0,2
2582,60.0,2
2583,60.0,2
2584,59.2,1
2585,60.0,2
2586,60.0,2
2587,60.0,2
2588,60.0,2
2589,60.0,2
2590,59.5,1
2591,60.0,2
2592,52.5,1
2593,50.5,1
2594,46.5,1
2595,49.5,1
2596,52.5,1
2597,53.5,1
2598,58.7,1
2599,59.0,1
2600,60.0,2
2601,60.0,2
2602,59.4,1
2603,60.0,2
2604,59.7,1
2605,60.0,2
2606,60.0,2
2607,60.0,2
2608,60.0,2
2609,56.8,1
2610,56.8,1
2611,60.0,2
2612,51.8,1
2613,50.8,1
2614,56.8,1
2615,60.0,1
2616,57.0,1
2617,60.0,2
2618,60.0,2
2619,58.0,1
2620,60.0,2
2621,59.0,1
2622,54.0,1
2623,57.0,1
2624,60.0,2
2625,59.2,1
